numbers,source,text
1,قانون الأسرة - قانون الأحوال الشخصية - القانون رقم 25 لسنة 1929 - مادة 1,"تجب النفقة للزوجة على زوجها من تاريخ العقد الصحيح إذا سلمت نفسها إليه ولو حكما حتى لو كانت موسرة أو مختلفة معه في الدين. ولا يمنع مرض الزوجة من استحقاقها للنفقة. وتشمل النفقة الغذاء والكسوة والمسكن ومصاريف العلاج وغير ذلك مما يقضى به الشرع. ولا تجب النفقة للزوجة إذا ارتدت, او امتنعت مختارة من تسليم نفسها دون حق او اضطرت الى ذلك بسبب ليس من قبل الزوج, او خرجت دون اذن زوجها. ولا يعتبر سببا لسقوط نفقة الزوجة خروجها من مسكن الزوجية- دون إذن زوجها – فى الأحوال التي يباح فيها ذلك بحكم الشرع مما ورد فيه نص او جرى به عرف او قضت به ضرورة, ولا خروجها للعمل المشروع مشوب بإساءة استعمال الحق , او مناف لمصلحة الأسرة وطلب منها الزوج الامتناع عنه. وتعتبر نفقة الزوجة دينا على الزوج من تاريخ امتناعه عن الإنفاق مع وجوبه , ولا تسقط إلا بالأداء او الإبراء . ولا تسمع دعوى النفقة عن مدة ماضية لأكثر من سنة نهايتها تاريخ رفع الدعوى. ولا يقبل من الزوج التمسك بالمقاصة بين نفقة الزوجة وبين دين له عليها الا يزيد على ما يفي بحاجتها الضرورية. ويكون لدين نفقة الزوجة امتياز على جميع أموال الزوج, ويتقدم فى مرتبته على ديون النفقة الأخرى."
2,قانون الأسرة - قانون الأحوال الشخصية - القانون رقم 25 لسنة 1929 - مادة 2,المطلقة التي تستحق النفقة تعتبر نفقتها دينا كما فى المادة السابقة من تاريخ الطلاق.
3,قانون الأسرة - قانون الأحوال الشخصية - القانون رقم 25 لسنة 1929 - مادة 3,ألغيت بالقانون رقم 25 لسنة 1929
4,قانون الأسرة - قانون الأحوال الشخصية - القانون رقم 25 لسنة 1929 - مادة 4,"إذا امتنع الزوج عن الإنفاق على زوجته, فإن كان له مال ظاهر نفذ الحكم عليه بالنفقة في ماله فإذا لم يكن له مال ظاهر ولم يقل انه معسر أو موسر ولكن أصر على عدم الإنفاق طلق عليه القاضي فى الحال وإن ادعى العجز فإن لم يثبته طلق عليه حالا وإن أثبته أمهله مدة لا تزيد عن شهر فإن لم ينفق طلق عليه بعد ذلك."
5,قانون الأسرة - قانون الأحوال الشخصية - القانون رقم 25 لسنة 1929 - مادة 5,إذا كان الزوج غائبا غيبة قريبة فإن كان له مال ظاهر نفذ عليه الحد بالنفقة في ماله وإن لم يكن له مال ظاهر أعذر إليه القاضي وضرب له أجال فإن لم يرسل ما تنفق منه زوجته على نفسها أو لم يحضر للإنفاق عليها طلق عليه القاضي بعد مضى الأجل. فإن كان بعيد الغيبة لا يسهل الوصول إليه او كان مجهول المحل او كان مفقودا وثبت ان لا مال له تنفق منه الزوجة طلق عليه القاضي وتسرى أحكام هذه المادة على المسجون الذي يعسر بالنفقة.
6,قانون الأسرة - قانون الأحوال الشخصية - القانون رقم 25 لسنة 1929 - مادة 6,تطليق القاضي لعدم الإنفاق يقع رجعيا وللزوج أن يراجع زوجته إذا ثبت يساره واستعد للإنفاق فى أثناء العدة فإن لم يثبت يساره ولم يستعد للإنفاق لم تصح الرجعة.
7,قانون الأسرة - قانون الأحوال الشخصية - القانون رقم 25 لسنة 1929 - مادة 7,ألغيت بالقانون 25 لسنة 1929
8,قانون الأسرة - قانون الأحوال الشخصية - القانون رقم 25 لسنة 1929 - مادة 8,"إذا جاء المفقود أو لم يجئ وتبين انه حي فزوجته له , ما لم يتمتع بها الثاني غير عالم بحياة الأول فإن تمتع بها الثاني غير عالم بحياته كانت للثاني ما لم يكن عقده فى عدة وفاة الأول."
9,قانون الأسرة - قانون الأحوال الشخصية - القانون رقم 25 لسنة 1929 - مادة 9,"للزوجة أن تطلب التفريق بينها وبين زوجها إذا وجدت به عيبا مستحكما لا يمكن البرء منه او يمكن البرء منه بعد زمن طويل . ولا يمكنها المقاد معه إلا بضرر كالجنون او الجذام او البرص سواء كان ذلك العيب بالزوج قبل العقد ولم تعلم به أو حدث بعد العقد ولم ترضى به, فإن تزوجته عالمة بالعيب او حدث العيب بعد العقد ورضيت به صراحة او دلالة بعد علمها فلا يجوز التفريق ."
10,قانون الأسرة - قانون الأحوال الشخصية - القانون رقم 25 لسنة 1929 - مادة 10,الفرقة بالعيب طلاق بائن
11,قانون الأسرة - قانون الأحوال الشخصية - القانون رقم 25 لسنة 1929 - مادة 11,يستعان بأهل الخبرة في العيوب التي يطلب فسخ الزواج من اجلها.
12,قانون الأسرة - قانون الأحوال الشخصية - القانون رقم 25 لسنة 1929 - مادة 12,ألغيت بالقانون 25 لسنة 1929
13,قانون الأسرة - قانون الأحوال الشخصية - القانون رقم 25 لسنة 1929 - مادة 13,على وزير الحقانية هذا القانون ويسرى العمل به من تاريخ نشره في الجريدة الرسمية.
14,قانون الأسرة - قانون الأحوال الشخصية - القانون رقم 100 لسنة 1985 - مادة 1,لا يقع طلاق السكران والمكره.
15,قانون الأسرة - قانون الأحوال الشخصية - القانون رقم 100 لسنة 1985 - مادة 2,لا يقع الطلاق غير المنجز إذا قصد به الحمل على فعل شئ او تركة لا غير.
16,قانون الأسرة - قانون الأحوال الشخصية - القانون رقم 100 لسنة 1985 - مادة 3,الطلاق المقترن بعدد لفظا أو إشارة لا يقع إلا واحدة.
17,قانون الأسرة - قانون الأحوال الشخصية - القانون رقم 100 لسنة 1985 - مادة 4,كنايات الطلاق وهى ما تحتمل الطلاق وغيره ولا يقع بها الطلاق إلا بالنية.
18,قانون الأسرة - قانون الأحوال الشخصية - القانون رقم 100 لسنة 1985 - مادة 5,كل طلاق يقع رجعيا إلا المكمل للثالث والطلاق قبل الدخول والطلاق على مال وما نص على كونه بائنا فى هذا القانون والقانون رقم 25 لسنة 1929.
19,قانون الأسرة - قانون الأحوال الشخصية - القانون رقم 100 لسنة 1985 - مادة 5 مكرر,"على المطلق أن يوثق إشهاد طلاقه لدى الموثق المختص خلال ثلاثين يوما من إيقاع الطلاق . وتعتبر الزوجة عالمة بالطلاق بحضورها توثيقه. فإذا لم تحضره كان على الموثق إعلان الطلاق لشخصها على يد محضر, وعلى الموثق تسليم نسخة إشهاد الطلاق للمطلقة او من ينوب عنها, وفق الإجراءات التي يصدر بها قرار من وزير العدل. وترتب أثار الطلاق من تاريخ إيقاعه إلا إذا أخفاه الزوج عن الزوجة , فلا تترتب أثاره من حيث الميراث والحقوق المالية الأخرى إلا من تاريخ علمها به."
20,قانون الأسرة - قانون الأحوال الشخصية - القانون رقم 100 لسنة 1985 - مادة 6,"اذا ادعت الزوجة إضرار الزوج بها بما لا يستطاع معه دوام العشرة بين أمثالها يجوز لها ان تطلب من القاضي التفريق وحينئذ يطلقها القاضي طلقة بائنة إذا ثبت الضرر وعجز عن الإصلاح بينها فإذا رفض الطلب ثم تكررت الشكوى ولم يثبت الضرر بعث القاضي حكمين وقضى على الوجه المبين بالمواد 7, 8, 9, 10, 11."
21,قانون الأسرة - قانون الأحوال الشخصية - القانون رقم 100 لسنة 1985 - مادة 7,يشترط في الحكمين ان يكونا عدلين من أهل الزوجين إن أمكن وإلا فمن غيرهم ممن لهم خبرة بحالها وقدرة على الإصلاح بينهما.
22,قانون الأسرة - قانون الأحوال الشخصية - القانون رقم 100 لسنة 1985 - مادة 8,يشتمل قرار بعث الحكمين على تاريخ بدء وانتهاء مأموريتهما على الا تجاوز مدة ستة اشهر وتخطر المحكمة الحكمين والخصوم بذلك وعليها تحليف كل من الحكمين اليمين ان يقوم بمهمته بعدل وأمانة . يجوز للمحكمة ان تعطى للحكمين مهلة أخرى مرة واحدة لا تزيد عن ثلاثة اشهر فإن لم يقدما تقريرهما اعتبرها غير متفقين.
23,قانون الأسرة - قانون الأحوال الشخصية - القانون رقم 100 لسنة 1985 - مادة 9,لا يؤثر فى سير الحكمين امتناع أحد الزوجين عن حضور مجلس التحكيم متى تم إخطاره. وعلى الحكمين ان يعرفا أسباب الشقاق بين الزوجين ويبذلا جهدهما في الإصلاح بينهما على أية طريقة ممكنة.
24,قانون الأسرة - قانون الأحوال الشخصية - القانون رقم 100 لسنة 1985 - مادة 10,إذا عجز الحكمين عن الإصلاح: فان كانت الإساءة كلها من جانب الزوج اقترحا الحكمان التطليق بطلقة بائنة دون مساس لشيء من حقوق الزوجة المترتبة على الزواج والطلاق. وإذا كانت الإساءة كلها من جانب الزوجة اقترحا الحكمان التطليق نظير بدل مناسب يقرانه تلتزم به الزوجة. وإن كانت الإساءة مشتركة اقترحا التطليق دون بدل او ببدل يتناسب مع نسبة الإساءة. وإن جهال الحال فلم يعرف المسيء منهما اقترح الحكمان تطليقا دون بدل .
25,قانون الأسرة - قانون الأحوال الشخصية - القانون رقم 100 لسنة 1985 - مادة 11,على الحكمين ان يرفعا تقريرهما الى المحكمة مشتمال على الأسباب التي بنى عليها فإن لم يتفقا بعثتهما مع ثالث له خبرة بالحال وقدرة على الإصلاح وحلفته اليمين المبينة فى المادة 8. وإذا اختلفوا او لم يقدموا تقريرهم فى الميعاد المحدد سارت المحكمة فى الإثبات وإن عجزت المحكمة عن التوفيق بين الزوجين وتبين لها استحالة العشرة بينهما واصرت الزوجة على الطلاق قضت المحكمة بالتطليق بينهما بطلقة بائنة مع إسقاط حقوق الزوجة المالية كلها او بعضها وإلزامهما بالتعويض المناسب ان كان لذلك كله مقتضى .
26,قانون الأسرة - قانون الأحوال الشخصية - القانون رقم 100 لسنة 1985 - مادة 11 مكرر,"على الزوج أن يقر فى وثيقة الزواج بحالته الاجتماعية , فإذا كان متزوجا فعليه ان يبين فى الإقرار اسم الزوجة او الزوجات اللاتي فى عصمته ومحال إقامتهن, وعلى الموثق إخطارهن بالزواج الجديد بكتاب مسجل مقرون بعلم الوصول. ويجوز للزوجة التي تزوج عليها زوجها ان تطلب الطلاق منه إذا لحقها ضرر مادي او معنوي يتعذر معه دوام العشرة بين أمثالها ولو لم تكن قد اشترط عليه فى العقد الا يتزوج عليها, فإذا عجز القاضى عن الإصلاح بينهما طلقها عليه طلقة بائنة. ويسقط حق الزوجة فى طلب التطليق لهذا السبب بمضي سنة من تاريخ علمها بالزواج بأخرى إلا إذا كانت قد رضيت بذلك صراحة او ضمنا, ويتجدد حقها فى طلب التطليق كلما تزوج عليها بأخرى, وإذا كانت الزوجة الجديدة لم تعلم انه متزوج بسواها ثم ظهر انه متزوج فلها ان تطلب التطليق كذلك."
27,قانون الأسرة - قانون الأحوال الشخصية - القانون رقم 100 لسنة 1985 - مادة 11 مكرر 2,"إذا امتنعت الزوجة عن طاعة الزوج دون حق توقف نفقة الزوجة من تاريخ الامتناع. وتعتبر ممتنعة دون حق إذا لم تعد لمنزل الزوجية بعد دعوة الزوج إياها للعودة بإعلان على يد محضر لشخصها او من ينوب عنها وعليه أن يبين فى هذا الإعلان المسكن. وللزوجة الاعتراض على هذا أمام المحكمة الابتدائية خلال ثلاثين يوما من تاريخ هذا الإعلان وعليها أن تبين فى صحيفة الاعتراض الأوجه الشرعية التي تستند إليها فى امتناعها عن طاعته وإلا حكم بعدم قبول اعتراضها . ويعتد بوقف نفقتها من تاريخ انتهاء ميعاد الاعتراض اذا لم تتقدم به فى الميعاد. وعلى المحكمة عند نظر الاعتراض , او بناء على طلب أحد الزوجين, التدخل لإنهاء النزاع بينهما صلحا باستمرار الزوجية وحسن المعاشرة. فإذا بان لها ان الخلاف مستحكم وطلبت الزوجة التطليق اتخذت المحكمة إجراءات التحكيم الموضحة فى المواد من 7 الى 11 من هذا القانون."
28,قانون الأسرة - قانون الأحوال الشخصية - القانون رقم 100 لسنة 1985 - مادة 12,إذا غاب الزوج سنة فأكثر بال عذر مقبول جاز لزوجته ان تطلب الى القاضى تطليقها تطليقا بائنا إذا تضررت من بعده ولو كان له مال تستطيع الإنفاق منه.
29,قانون الأسرة - قانون الأحوال الشخصية - القانون رقم 100 لسنة 1985 - مادة 13,إن أمكن وصول الرسائل الى الغائب ضرب له القاضى أجال واعذر إليه بأنه يطلقها فإذا انقضى الأجل ولم يفعل ولم يبد عذرا مقبوال فرق القاضى بينهما بطلقة بائنة. وإذا لم يمكن وصول الرسائل الى الغائب طلقها القاضى عليه بال عذر او ضرب اجل .
30,قانون الأسرة - قانون الأحوال الشخصية - القانون رقم 100 لسنة 1985 - مادة 14,لزوجة المحبوس المحكوم عليه نهائيا بعقوبة مقيدة للحرية مدة ثالث سنين فأكثر ان تطلب الى القاضى بعد مضى سنة من حبسه التطليق عليه بائنا للضرر ولو كان له مال تستطيع الإنفاق منه.
31,قانون الأسرة - قانون الأحوال الشخصية - القانون رقم 100 لسنة 1985 - مادة 15,"لا تسمع عند الإنكار دعوى النسب لولد زوجة ثبت عدم التلاقي بينها وبين زوجها من حين العقد, ولا لولد زوجة أتت به بعد سنة من غيبة الزوج عنها , ولا لولد المطلقة والمتوفى عنها زوجها اذا أتت به لأكثر من سنة من وقت الطلاق او الوفاة."
32,قانون الأسرة - قانون الأحوال الشخصية - القانون رقم 100 لسنة 1985 - مادة 16,"تقدر نفقة الزوجة بحسب حال الزوج وقت استحقاقها يسرا أو عسرا على إال تقل النفقة فى حالة العسر عن القدر الذي يفي بحاجتها الضرورية. وعلى القاضى فى حالة قيام سبب استحقاق النفقة وتوافر شروطه ان يفرض للزوجة ولصغارها منه فى مدى أسبوعين على الأكثر من تاريخ رفع الدعوى نفقة مؤقتة (بحاجاتها الضرورية) بحكم غير مسبب واجب النفاذ فورا الى حين الحكم بالنفقة بحكم واجب النفاذ . للزوج ان يجرى المقاصة بين ما أداه من النفقة المؤقتة وبين النفقة المحكوم بها عليه نهائيا, بحيث لا يقل ما تقبضه الزوجة وصغارها عن القدر الذي يفي بحاجتهم الضرورية."
33,قانون الأسرة - قانون الأحوال الشخصية - القانون رقم 100 لسنة 1985 - مادة 17,لا يسمع الدعوى لنفقة عدة لمدة تزيد على سنة من تاريخ الطلاق . كما انه لا تسمع عند الإنكار دعوى الإرث بسبب الزوجية لمطلقة توفى زوجها بعد سنة من تاريخ الطلاق .
34,قانون الأسرة - قانون الأحوال الشخصية - القانون رقم 100 لسنة 1985 - مادة 18,لا يجوز تنفيذ حكم بنفقة صادر بعد العمل بهذا القانون لمدة تزيد على سنة من تاريخ الطلاق ولا يجوز تنفيذ حكم صدر قبل العمل بهذا القانون لمدة بعد صدوره إلا بمقدار ما يكمل سنة من تاريخ الطلاق .
35,قانون الأسرة - قانون الأحوال الشخصية - القانون رقم 100 لسنة 1985 - مادة 18 مكرر,الزوجة المدخول بها فى زواج صحيح إذا طلقها زوجها دون رضاها ولا بسبب من قبلها تستحق فوق نفقة عدتها متعة تقدر بنفقة سنتين على الأقل وبمراعاة حال المطلق يسرا أو عسرا ومدة الزوجية ويجوز ان يرخص للمطلق فى سداد هذه المتعة على أقساط.
36,قانون الأسرة - قانون الأحوال الشخصية - القانون رقم 100 لسنة 1985 - مادة 18 مكرر 2,"إذا لم يكن للصغير مال فنفقته على أبيه. وتستمر نفقة الأولاد على أبيهم الى ان تتزوج البنت او تكسب ما يكفى نفقتها والى ان يتم الابن الخامسة عشر من عمره قادرا على الكسب المناسب, فإن أتمها عاجزا عن الكسب آلفة بدنية او عقلية او بسبب طلب العلم الملائم لأمثاله ولاستعداده, او بسبب عدم تيسر هذا الكسب استمرت نفقته على أبيه. ويلتزم الأب بنفقة أولاده وتوفير المسكن لهم بقدر يساره وبما يكفل للأولاد العيش فى المستوى اللائق بأمثالهم. وتستحق نفقة الأولاد على أبيهم من تاريخ امتناعه عن الإنفاق عليهم."
37,قانون الأسرة - قانون الأحوال الشخصية - القانون رقم 100 لسنة 1985 - مادة 18 مكرر 3,ألغيت بحكم المحكمة الدستورية الصادر بجلسة 1996/1/6 فى القضية 5 لسنة 8 دستورية
38,قانون الأسرة - قانون الأحوال الشخصية - القانون رقم 100 لسنة 1985 - مادة 19,إذا اختلف الزوجان فى مقدار المهر فالبينة على الزوجة فإن عجزت كان القول للزوج بيمينه إلا إذا ادعى ما لا يصح ان يكون مهرا لمثلها. وكذلك الحكم عند الاختلاف بين أحد الزوجين وورثة الأخر او بين ورثتهما.
39,قانون الأسرة - قانون الأحوال الشخصية - القانون رقم 100 لسنة 1985 - مادة 20,"ينتهي حق حضانة النساء ببلوغ الصغير سن العاشرة وبلوغ الصغيرة اثنتى عشرة سنة, ويجوز للقاضى بعد هذه السن إبقاء الصغير حتى تتزوج فى يد الحاضنة دون اجر حضانة إذا تبين ان مصلحتها تقتضي ذلك. ولكل من الأبوين الحق فى رؤية الصغير او الصغيرة وللأجداد مثل ذلك عند عدم وجود الأبوين. وإذا تعذر تنظيم الرؤية اتفاقا نظمها القاضى على ان تتم فى مكان لا يضر بالصغير او الصغيرة نفسيا. ولا ينفذ حكم الرؤية قهرا, ولكن إذا امتنع من بيده الصغير عن تنفيذ الحكم لغير عذر انذره القاضى فإن تكرر ذلك جاز للقاضى بحكم واجب النفاذ نقل الحضانة مؤقتا الى من يليه من أصحاب الحق فيها لمدة يقدرها. ويثبت الحق فى الحضانة لأم ثم للمحارم من النساء, مقدما فيه من يدلى بالأم على من يدلى بالأب, ومعتبرا فيه الأقرب من الجهتين على الترتيب التالي : الأم, فأم الأم وإن علت, فأم الأب وإن علت, فالأخوات الشقيقات, فالأخوات لأم, فالأخوات للأب, فبنت الأخت الشقيقة, فبنت الأخت لأم, فالخالات بالترتيب المذكور فى الأخوات, فبنت الأخت للأب, فبنت الاخ بالترتيب المذكور, فخالات الأم بالترتيب المذكور, فخالات الأب بالترتيب المذكور, فعمات الأم بالترتيب المذكور, فعمات الأب بالترتيب المذكور. فإذا لم توجد حاضنة من هؤلاء النساء او لم يكن منهن أهل للحضانة او انقضت مدة حضانة النساء انتقل الحق فى الحضانة الى العصبات من الرجال بحسب ترتيب الاستحقاق فى الإرث, مع مراعاة تقديم الجد الصحيح على الاخوة. فإذا لم يوجد أحد من هؤلاء, انتقل الحق فى الحضانة الى محارم الصغير من الرجال غير العصبات على الترتيب الأتي: الجد لأم, ثم الاخ لأم, ثم ابن الاخ لأم, ثم العم ثم الخال الشقيق, فالخال لألب فالخال لأم."
40,قانون الأسرة - قانون الأحوال الشخصية - القانون رقم 100 لسنة 1985 - مادة 21,"يحكم بموت المفقود الذى يغلب عليه الهالك بعد اربع سنوات من تاريخ فقده, يعتبر المفقود ميتا بعد مضى سنة من تاريخ فقده فى حالة ما ثبت انه كان على ظهر سفينة غرقت او كان فى طائرة سقطت, او كان من افراد القوات المسلحة وفقد اثناء العمليات الحربية. ويصدر رئيس مجلس الوزراء او وزير الدفاع بحسب الأحوال وبعد التحرى واستظهار القرائن التى يغلب معها الهالك قرارا بأسماء المفقودين اعتبروا أمواتا فى حكم الفقرة السابقة ويقوم هذا القرار مقام الحكم بموت المفقود. واما فى جميع الأحوال الأخرى يفوض تحديد المدة التي يحكم بموت المفقود بعدها الى القاضى على ألا تقل عن اربع سنوات وذلك بعد التحرى عنه بجميع الطرق الممكنة الموصلة الى معرفة ان كان المفقود حيا او ميتا."
41,قانون الأسرة - قانون الأحوال الشخصية - القانون رقم 100 لسنة 1985 - مادة 22,بعد الحكم بموت المفقود أو نشر قرار رئيس مجلس الوزراء او قرار وزير الدفاع باعتباره ميتا على الوجه المبين فى المادة السابقة تعتد زوجته عدة الوفاة وتقسم تركته بين ورثته الموجودين وقت صدور الحكم او نشر القرار فى الجريدة الرسمية كما تترتب كافة الآثار الأخرى .
42,قانون الأسرة - قانون الأحوال الشخصية - القانون رقم 100 لسنة 1985 - مادة 23,المراد بالسنة فى المواد من 12 الى 18 هي السنة التي عدد أيامها 365 يوما.
43,قانون الأسرة - قانون الأحوال الشخصية - القانون رقم 100 لسنة 1985 - مادة 23 مكرر,يعاقب المطلق أو الزوج بالحبس مدة لا تجاوز ستة اشهر وبغرامة لا تجاوز مائتي جنيه او باحدى هاتين العقوبتين إذا خالف أيا من الأحكام المنصوص عليها فى المادة الخامسة مكررا والسادسة مكررا من هذا القانون. كما يعاقب الزوج بالعقوبة ذاتها إذا أدلى للموثق بيانات غير صحيحة عن حالته الاجتماعية او محال إقامته او محال إقامة زوجاته او مطلقته على ما هو مقرر فى المادة 11 مكرر. ويعاقب الموثق مدة لا تزيد على شهر وبغرامة لا تجاوز خمسين جنيها إذا أخل بأي من الالتزامات التي فرضها عليه القانون ويجوز أيضا الحكم بعزله او وقفة عن عمله لمدة لا تجاوز سنة.
44,قانون الأسرة - قانون الأحوال الشخصية - القانون رقم 100 لسنة 1985 - مادة 24,"تلغى المواد 3, 7, 12 من القانون 25 لسنة 1929 التى تتضمن أحكامها بشأن النفقة ومسائل متعلقة باألحوال الشخصية."
45,قانون الأسرة - قانون الأحوال الشخصية - القانون رقم 100 لسنة 1985 - مادة 25,"على وزير الحقانية هذا القانون , ويعمل به من تاريخ نشره فى نشره فى الجريدة الرسمية."
46,قانون الأسرة - قانون الأحوال الشخصية - القانون رقم 1 لسنة 2000 - مادة إصدار 1,تسرى أحكام القانون المرافق على إجراءات التقاضي في مسائل الأحوال الشخصية والوقف ويطبق فيما لم يرد بشأنه نص خاص فيه أحكام قانون المرافعات المدنية والتجارية واحكام قانون الإثبات فى المواد المدنية والتجارية واحكام القانون المدني في شأن إدارة وتصفية التركات. ويختص قاضى الأمور الوقتية بالمحكمة الابتدائية دون غيره بإصدار أمر على عريضة فى مسائل الأحوال الشخصية الآتية: التظلم من امتناع الموثق عن توثيق عقد الزواج او عدم إعطاء شهادة مثبتة لالمتناع سواء للمصريين او الأجانب . مد ميعاد جرد التركة بقدر ما يلزم إلتمام الجرد إذا كان القانون الواجب التطبيق حدد ميعادا له. اتخاذ ما يراه لازما من الإجراءات التحفظية او الوقتية على التركات التي لا يوجد فيها عديم أهلية او ناقصها او غائب. الإذن للنيابة العامة فى نقل النقود والأوراق المالية والمستندات والمصوغات وغيرها مما يخشى عليه من أموال عديمي الأهلية او ناقصيها او الغائبين إلي خزانة أحد المصارف او الى مكان أمين. المنازعات حول السفر إلي الخارج بعد سماع أقوال ذوى الشأن.
47,قانون الأسرة - قانون الأحوال الشخصية - القانون رقم 1 لسنة 2000 - مادة إصدار 2,"على المحاكم ان تحيل بدون رسوم من تلقاء نفسها ما يوجد لديها من دعاوى أصبحت بمقتضى أحكام القانون المرافق من اختصاص محاكم أخرى وذلك بالحالة التى تكون عليها, وفى حالة غياب أحد الخصوم يقوم قلم الكتاب بإعالنه بأمر الإحالة مع تكليفه بالحضور فى الميعاد أمام المحكمة التى أحيلت إليها الدعوى. ولا تسرى أحكام الفقرة السابقة على الدعاوى والمحكوم فيها او الدعاوى المؤجلة للنطق بالحكم فيها فتبقى خاضعة للنصوص السارية قبل العمل بهذا القانون"
48,قانون الأسرة - قانون الأحوال الشخصية - القانون رقم 1 لسنة 2000 - مادة إصدار 3,"تصدر الأحكام طبقا لقوانين الأحوال الشخصية والوقف المعمول بها, ويعمل فيما لم يرد بشأنه نص فى تلك القوانين بأرجح الأقوال من مذهب الإمام ابى حنيفة. مع ذلك تصدر الأحكام فى المنازعات المتعلقة بالأحوال الشخصية بين المصريين غير المسلمين المتحدى الطائفة والملة الذين كانت لهم جهات قضائية ملية منظمة حتى 31 ديسمبر سنة 1955 طبقا لشريعتهم – فيما لا يخالف النظام العام ."
49,قانون الأسرة - قانون الأحوال الشخصية - القانون رقم 1 لسنة 2000 - مادة إصدار 4,"تلغى لائحة ترتيب المحاكم الشرعية الصادرة بالمرسوم بقانون رقم 78 سنة 1931 ويلغى الكتاب الرابع من قانون المرافعات المدنية والتجارية المضاف إلى القانون رقم 77 لسنة 1949 , والقوانين أرقام 462 لسنة 1955 , 628 لسنة 1955 62, لسنة 1976 المشار إليها , ولائحة الإجراءات الواجب اتباعها فى تنفيذ أحكام المحاكم الشرعية الصادرة سنة 1907 , كما يلغى كل نص يخالف أحكام القانون المرافق ."
50,قانون الأسرة - قانون الأحوال الشخصية - القانون رقم 1 لسنة 2000 - مادة إصدار 5,"يصدر وزير العدل القرارات الالزمة لتنفيذ أحكام القانون المرافق , كما يصدر لوائح تنظيم ."
51,قانون الأسرة - قانون الأحوال الشخصية - القانون رقم 1 لسنة 2000 - مادة إصدار 6,"ينشر هذا القانون في الجريدة الرسمية , ويعمل به بعد شهر من اليوم التالي لتاريخ نشره ."
52,قانون الأسرة - قانون الأحوال الشخصية - القانون رقم 1 لسنة 2000 - مادة 1,تحسب المدد والمواعيد الإجرائية المنصوص عليها في هذا القانون بالتقويم الميلادي .
53,قانون الأسرة - قانون الأحوال الشخصية - القانون رقم 1 لسنة 2000 - مادة 2,"تثبت أهلية التقاضي فى مسائل الأحوال الشخصية للولاية على النفس لمن أتم خمس عشرة سنة ميالدية كاملة متمتعا بقواه العقلية . وينوب عن عديم الأهلية او ناقصها ممثله القانوني , فإذا لم يكن له من يمثله او كان هناك وجه لمباشرة إجراءات التقاضي بالمخالفة لرأى ممثله أو فى مواجهته عينت المحكمة له وصى خصومة من تلقاء نفسها أو بناء على طلب النيابة العامة أو الغير."
54,قانون الأسرة - قانون الأحوال الشخصية - القانون رقم 1 لسنة 2000 - مادة 3,"لا يلزم توقيع محام على صحف دعاوى الأحوال الشخصية أمام المحكمة الجزئية , فإذا رفعت الدعوى بغير توقيع محام على صحيفتها كان للمحكمة عند الضرورة ان تندب محاميا للدفاع عن المدعى , ويحدد الحكم الصادر فى الدعوى أتعابا للمحامى المنتدب , تتحملها الخزانة العامة , وذلك دون إخالل بالتزام مجالس النقابات الفرعية بتقديم المساعدات القضائية على النحو المنصوص عليه فى القانون رقم 17 لسنة 1983 بشأن إصدار قانون المحاماة . وتعفى دعاوى النفقات وما فى حكمها من الأجور والمصروفات بجميع أنوعها من كافة الرسوم القضائية في كل مراحل التقاضي."
55,قانون الأسرة - قانون الأحوال الشخصية - القانون رقم 1 لسنة 2000 - مادة 4,يكون للمحكمة – في إطار تهيئة الدعوى للحكم – تبصرة الخصوم في مواجهتهم بما يتطلبه حسن سير الدعوى ومنحهم أجال لتقديم دفاعهم . ولها ان تندب أخصائيا اجتماعيا أو اكثر لتقديم تقرير عن الحالة المعروضة عليها او عن مسالة غيرها وتحدد أجال لتقديم التقرير لا يزيد على أسبوعين. ويتم الندب من قوائم الأخصائيين الاجتماعيين التى يصدر بها قرار من وزير العدل بناء على ترشيح وزير التأمينات والشئون الاجتماعية .
56,قانون الأسرة - قانون الأحوال الشخصية - القانون رقم 1 لسنة 2000 - مادة 5,"للمحكمة ان تقرر نظر المسائل المتعلقة بالأحوال الشخصية – مراعاة لاعتبارات النظام العام أو الآداب – فى غرفة المشورة وبحضور أحد أعضاء النيابة العامة متى كانت ممثلة فى الدعوى , وتنطق بالأحكام والقرارات في جلسة علنية"
57,قانون الأسرة - قانون الأحوال الشخصية - القانون رقم 1 لسنة 2000 - مادة 6,"مع عدم الإخالل باختصاص النيابة العامة برفع الدعوى فى مسائل الأحوال الشخصية على وجه الحسبة المنصوص عليه فى القانون قد 3 بسنة 1996 , للنيابة العامة رفع الدعوى ابتداء فى مسائل الأحوال الشخصية إذا تعلق الأمر بالنظام العام أو الآداب , كما يجوز لها ان تتدخل فى دعاوى الأحوال الشخصية التي تختص بها المحاكم الجزئية. وعلى النيابة العامة أن تتدخل في دعاوى الأحوال الشخصية والوقف التي تختص بها المحاكم الابتدائية أو محاكم الاستئناف وإلا كان الحكم باطلا ."
58,قانون الأسرة - قانون الأحوال الشخصية - القانون رقم 1 لسنة 2000 - مادة 7,لا تقبل عند الإنكار دعوى الإقرار بالنسب او الشهادة على الإقرار به بعد وفاة المورث إلا إذا وجدت أوراق رسمية او مكتوبة جميعها بخط المتوفى وعليها إمضاؤه أو أدلة قطعية جازمة تدل على صحة هذا الادعاء .
59,قانون الأسرة - قانون الأحوال الشخصية - القانون رقم 1 لسنة 2000 - مادة 8,"لا تقبل دعوى الوقف او شرطه او الإقرار به او الاستحقاق فيه او التصرفات الواردة عليه ما لم يكن الوقف ثابتا بإشهاد مشهر وفقا لأحكام القانون . ولا تقبل دعوى الوقف او الإرث عند الإنكار متى رفعت بعد مضى ثالث وثالثين سنة من وقت ثبوت الحق , إلا إذا قام عذر حال دون ذلك. وإذا حكم بعزل ناظر الوقف او ضم ناظر أخر إليه , تعين المحكمة فى الحالتين بحكم واجب النفاذ ناظرا بصفة مؤقتة إلي أن يفصل فى الدعوى بحكم نهائي ."
60,قانون الأسرة - قانون الأحوال الشخصية - القانون رقم 1 لسنة 2000 - مادة 9,"تختص المحكمة الجزئية بنظر المسائل الواردة بهذه المادة . وبمراعاة أحكام المادة (52) من هذا القانون يكون حكمها فى الدعاوى قابال للطعن بالاستئناف ما لم ينص القانون على نهائيته ,وذلك كله على الوجه التالي : اولا : المسائل المتعلقة بالولاية على النفس: 1. الدعاوى المتعلقة بحضانة الصغير وحفظه ورؤيته وضمه والانتقال به . 2. الدعاوى المتعلقة بالنفقات وما فى حكمها من الاجور والمصروفات بجميع أنواعها . 3. الدعاوى المتعلقة بالإذن للزوجة بمباشرة حقوقها , متى كان القانون الواجب التطبيق يقضى بضرورة الحصول على اذن الزوج لمباشرة تلك الحقوق . 4. دعاوى المهر والجهاز والدوطة والشبكة وما فى حكمها ويكون الحكم نهائيا إذا كان المطلوب لا يتجاوز النصاب الانتهائى للقاضى الجزئي. 5. تصحيح القيود المتعلقة بالأحوال الشخصية في وثائق الزواج والطلاق . 6. توثيق ما يتفق عليه ذوو الشأن أمام المحكمة فيما يجوز شرعا. 7. الإذن بزواج من لا ولى له . 8. تحقيق الوفاة والوراثة والوصية الواجبة , ما لم يثر بشأنها نزاع . 9. دعاوى الحبس لامتناع المحكوم عليه عن تنفيذ أحكام النفقات وما فى حكمها ويكون الحكم فى ذلك نهائيا. ثانيا : المسائل المتعلقة بالولاية على المال متى كان مال المطلوب حمايته لا تتجاوز قيمته نصاب اختصاص المحكمة الجزئية: 1. تثبيت الوصى المختار وتعيين الوصى والمشرف والمدير ومراقبة أعمالهم والفصل فى حساباتهم وعزلهم واستبدالهم. 2. إثبات الغيبة وإنهاؤها وتعيين الوكيل عن الغائب ومراقبة أعماله وعزله واستبداله. 3. تقرير المساعدة القضائية ورفعها وتعيين المساعد القضائي واستبداله . 4. استمرار الوالية او الوصاية الى ما بعد سن الحادية والعشرين والإذن للقاصر بتسلم أموال لإدارتها وفقا لأحكام القانون والاذن له بمزاولة التجارة وإجراء التصرفات التى يلزم للقيام بها للحصول على اذن , وسلب اى من هذه الحقوق او وقفها او الحد منها . 5. تعيين مأذون بالخصومة عن القاصر او الغائب ولم لم يكن له مال. 6. تقدير نفقة للقاصر من ماله والفصل فيما يقوم من نزاع بين ولى النفس او ولى التربية وبين الوصى فيما يتعلق بالإنفاق على القاصر او تربيته او العناية به . 7. إعفاء الولي فى الحالات التي يجوز إعفاؤه فيها وفقا لأحكام قانون الوالية على المال. 8. طلب تنحى الولي عن واليته واستردادها . 9. الإذن بما يصرف لزواج القاصر فى الأحوال التى يوجب القانون استئذان المحكمة فيها. 10. جميع المواد الأخرى المتعلقة بإدارة الأموال وفقا لأحكام القانون واتخاذ الإجراءات التحفظية والمؤقتة الخاصة بها مهما كانت قيمة المال . 11. تعيين مصف للتركة وعزله واستبداله والفصل في المنازعات المتعلقة بالتصفية متى كانت قيمة التركة لا تزيد على نصاب اختصاص المحكمة الجزئية."
61,قانون الأسرة - قانون الأحوال الشخصية - القانون رقم 1 لسنة 2000 - مادة 10,"تختص المحكمة الابتدائية بنظر دعاوى الأحوال الشخصية التى لا تدخل في اختصاص المحكمة الجزئية , ودعاوى الوقف وشروطه والاستحقاق فيه والتصرفات الواردة عليه . ويكون للمحكمة الابتدائية المختصة محليا بنظر دعوى الطلاق او التطليق او التفريق الجسماني دون غيرها , الحكم ابتدائيا في دعاوى النفقات او الأجور وما فى حكمها سواء للزوجة او الأولاد او الأقارب , وحضانة الصغير وحفظه ورؤيته وضمه والانتقال به ومسكن حضانته . وتلتزم المحاكم الابتدائية والجزئية التي رفعت او ترفع أمامها دعوى بأي من هذه الطلبات بإحالتها الى تلك المحكمة حتى يصدر فيها حكم قطعي واحد. وللمحكمة أثناء سير الدعوى ان تصدر أحكاما مؤقتة واجبة النفاذ بشأن الرؤية أو بتقرير نفقة وقتية او تعديل ما عساها تكون قد قررته من نفقة بالزيادة او النقصان . ولا يجوز الطعن على تلك الأحكام المؤقتة التي تصدر أثناء سير هذه الدعاوى إلا بصدور الحكم النهائي فيها ."
62,قانون الأسرة - قانون الأحوال الشخصية - القانون رقم 1 لسنة 2000 - مادة 11,"تختص المحكمة الابتدائية التي يجرى فى دائرتها توثيق عقد زواج الأجانب بالحكم فى الاعتراض على هذا الزواج او طلب الحجر على أحد طرفى العقد إذا كان القانون الواجب التطبيق يجعل الحجر سببا لزوال أهليته للزواج , ويترتب على إقامة الدعوى وقف إتمام الزواج حتى يفصل نهائيا فيها . كما تختص المحكمة الابتدائية بتوقيع الحجر ورفعه وتعيين القيم ومراقبة أعماله والفصل عليه بتسلم وعزله واستبداله , والإذن للمحجور عليه بتسلم أمواله لإدارتها وفقا لأحكام القانون وسلب هذا الحق او الحد منه , وتعيين مأذون بالخصومة عنه , وتقدير نفقة للمحجور عليه فى ماله , والفصل فيما يقوم من نزاع بين ولى النفس وولى التربية وبين القيم فيما يتعلق بالإنفاق على المحجور عليه."
63,قانون الأسرة - قانون الأحوال الشخصية - القانون رقم 1 لسنة 2000 - مادة 12,"إذا قضت المحكمة بسلب الوالية أو وقفها عهدت بها الى من يلي من سلبت واليته او أوقفت وفقا للقانون الواجب التطبيق ثم الى من يليه بالتتابع , فإن امتنع من عهد إليه بها بعد إخطاره على النحو المنصوص عليه فى المادة (40) من هذا القانون او لم تتوافر فيه أسباب الصالحية , فعلى المحكمة ان تعهد بالوالية ألي شخص أمين أو إلحدى المؤسسات الاجتماعية . وتسلم الأموال فى هذه الحالة للنائب المعين بوصفه مديرا مؤقتا , وذلك بعد جردها على النحو الوارد بالمادة (41) من هذا القانون . وتتخذ النيابة العامة على وجه السرعة الإجراءات الالزمة لتعيين وصى على المشمول بالوالية."
64,قانون الأسرة - قانون الأحوال الشخصية - القانون رقم 1 لسنة 2000 - مادة 13,"تختص المحكمة التى تنظر المادة دون غيرها باعتماد الحساب المقدم عن عديم الأهلية او ناقصها او الغائب , او المقدم من المدير المؤقت والفصل فى المنازعات المتعلقة بهذا الحساب ."
65,قانون الأسرة - قانون الأحوال الشخصية - القانون رقم 1 لسنة 2000 - مادة 14,تختص المحكمة التى قضت بانتهاء الوالية على المال بنظر مادتى الحساب وبتسليم الأموال وذلك حتى تمام الفصل فيهما . كما تختص بنظر منازعات التنفيذ المتعلقة بالأحكام والقرارات الصادرة منها فى هذا الشأن .
66,قانون الأسرة - قانون الأحوال الشخصية - القانون رقم 1 لسنة 2000 - مادة 15,"يتحدد الموطن في مفهوم هذا القانون على النحو المبين بالمواد (40,41,43) من القانون المدني . وبمراعاة أحكام المادتين (10,11) من هذا القانون ينعقد الاختصاص للمحكمة يقع فى دائرتها موطن المدعى . وإذا تعدد المدعى عليهم كان الاختصاص للمحكمة التي يقع فى دائرتها موطن أحدهم , ومع ذلك يتحدد الاختصاص المحلى بنظر بعض مسائل الأحوال الشخصية على النحو الآتي : 1- تختص المحكمة التي يقع في دائرتها موطن المدعى او المدعى عليه بنظر الدعوى المرفوعة من الأولاد او الزوجة او الوالدين او الحاضنة حسب الأحوال فى المواد الآتية : أ- النفقات والأجور وما فى حكمها. ب- الحضانة والرؤية والمسائل المتعلقة بهما . ج- المهر والجهاز والدوطة والشبكة وما فى حكمها. د- التطليق والخلع والإبراء والفرقة بين الزوجين بجميع أسبابها الشرعية. 2- تختص المحكمة التى يقع فى دائرتها أخر موطن للمتوفى فى مصر بتحقيق إثبات الوراثة والوصايا وتصفية التركات , فإن لم يكن للمتوفى موطن يكون الاختصاص للمحكمة التى يقع فى دائرتها أحد أعيان التركة. 3- يتحدد الاختصاص المحلى فى مسائل الوالية على المال التالية على النحو الآتي: أ – فى مواد الوالية بموطن الولى او القاصر وفى مواد الوصاية بآخر موطن للمتوفى او القاصر. ب- فى مواد الحجر والمساعدة القضائية بموطن المطلوب الحجر عليه او مساعدته قضائيا. ج- فى مواد الغيبة بآخر موطن للغائب. فإذا لم يكن لأحد من هؤالء موطن فى مصر تنعقد الاختصاص للمحكمة الكائن فى دائرتها موطن الطالب او التي يوجد فى دائرتها مال للشخص المطلوب حمايته. د- اذا تغير موطن القاصر او المحجور عليه او المساعد قضائيا جاز للمحكمة بناء على طلب ذوى الشأن او النيابة العامة ان تحيل القضية الى المحكمة التى يقع فى دائرتها الموطن الجديد. هـ- تختص المحكمة التي أمرت بسلب الوالية او وقفها بتعيين من يخلف الولى- كان وليا او وصيا- الا اذا رأت من المصلحة إحالة المادة إلي المحكمة التى يوجد بدائرتها موطن القاصر. 4- فيما عدا قسمة أعيان الأوقاف المنتهية, يكون اختصاص بنظر منازعات الوقف وشروطه والاستحقاق فيه والتصرفات الواردة عليه, للمحكمة الكائنة بدائرتها أعيان او الأكبر قيمة إذا تعددت, او المحكمة الكائن بزائراتها موطن ناظر الوقف او المدعى عليه"
67,قانون الأسرة - قانون الأحوال الشخصية - القانون رقم 1 لسنة 2000 - مادة 16,ترفع الدعوى فى مسائل الوالية على النفس بالطريق المعتاد المنصوص عليه فى قانون المرافعات المدنية او التجارية.
68,قانون الأسرة - قانون الأحوال الشخصية - القانون رقم 1 لسنة 2000 - مادة 17,"لا تقبل الدعاوى الناشئة عن عقد الزواج إذا كانت سن الزوجة تقل عن ستة عشر سنة ميالدية او كان سن الزوج يقل عن ثمانية عشر ميالدية سنة وقت رفع الدعوى. ولا تقبل عند الإنكار الدعاوى الناشئة عن عقد الزواج- فى الوقائع اللاحقة على أول أغسطس سنة 1931 – ما لم يكن الزواج ثابتا بوثيقة رسمية, ومع ذلك تقبل دعوى التطليق او الفسخ بحسب الأحوال دون غيرها إذا كان الزواج ثابتا بأية كتابة. ولا تقبل دعوى الطلاق بين الزوجين متحدى الطائفة والملة إلا كانت شريعتها تجيزه."
69,قانون الأسرة - قانون الأحوال الشخصية - القانون رقم 1 لسنة 2000 - مادة 18,"تلتزم المحكمة فى دعاوى الوالية على النفس بعرض الصلح على الخصوم, ويعد من تخلف عن حضور جلسة الصلح- مع علمه بها- بغير عذر مقبول رافضا له. وفى دعاوى الطلاق او التطليق لا يحكم بهما إلا بعد ان تبذل المحكمة جهدا فى محاولة الصلح بين الزوجين وتعجز عن ذلك. فإن كان للزوجين ولد تلتزم المحكمة بعرض الصلح مرتين على الأقل تفصل بينهما مدة لا تقل عن ثلاثين يوما ولا تزيد على ستين يوما."
70,قانون الأسرة - قانون الأحوال الشخصية - القانون رقم 1 لسنة 2000 - مادة 19,"فى دعاوى التطليق التى يوجب فيها القانون ندب حكمين على المحكمة ان تكلف كال من الزوجين بتسمية حكم من أهله- قدر الإمكان- فى الجلسة التالية على الأكثر, فإن تقاعس أيهما عينت المحكمة حكما عنه. وعلى الحكمين المثول أمام المحكمة فى الجلسة التالية لتعيينهما ليقررا ما خلصا إليه معا, فإن اختلفا أيهما عن الحضور تسمع المحكمة أقوالها او أقوال الحاضر منهما بعد حلف اليمين. وللمحكمة ان تأخذ بما انتهى اليه الحكمان او بأقوال أيهما او بغير ذلك مما تستقيه من اوراق الدعوى."
71,قانون الأسرة - قانون الأحوال الشخصية - القانون رقم 1 لسنة 2000 - مادة 20,"للزوجين ان يتراضيا فيما بينهما على الخلع, فإن لم يتراضيا عليه واقامت الزوجة دعواها بطلبه وافتدت نفسها وخالعت زوجها بالتنازل عن جميع حقوقها المالية الشرعية وردت عليه الصداق الذي أعطاه لها, حكمت المحكمة بتطليقها عليه. ولا تحكم المحكمة بالتطليق بالخلع إلا بعد محاولة الإصلاح بين الزوجين , وندبها لحكمين لموالاة مساعى الصلح بين الزوجين, خالل مدة لا تجاوز ثالثة اشهر وعلى الوجه المبين بالفقرة الثانية من المادة 18 والفقرتين الأولى والثانية من المادة 19 من هذا القانون, وبعد ان تقرر الزوجة صراحة أنها تبغض الحياة مع زوجها وانه لا سبيل لاستمرار الحياة الزوجية بينهما وتخشى ألا تقيم حدود الله بسبب هذا البغض ولا يصح ان يكون مقابل الخلع إسقاط حضانة الصغار او نفقتهم او اى حق من حقوقهم. ويقع الخلع فى جميع الأحوال طلاقا بائنا. ويكون الحكم- فى جميع الأحوال- غير قابل للطعن عليه بأي طريق من طرق الطعن."
72,قانون الأسرة - قانون الأحوال الشخصية - القانون رقم 1 لسنة 2000 - مادة 21,"لا يعتد فى إثبات الطلاق عند الإنكار , إلا بالإشهاد والتوثيق , وعند طلب الإشهاد عليه وتوثيقه, ويدعوهما إلي اختيار حكم من أهله وحكم من أهلها للتوفيق بينهما. فإن أصر الزوجين معا على إيقاع الطلاق فورا, أو قررا معا أن الطلاق قد وقع , أو قرر الزوج انه أوقع الطلاق , وجب توثيق الطلاق بعد الإشهاد عليه. وتطبق جميع الأحكام السابقة فى حالة طلب الزوجة تطليق نفسها إذا كانت قد احتفظت لنفسها بالحق فى ذلك فى وثيقة الزواج. ويجب على الموثق إثبات ما تم من إجراءات فى تاريخ وقوع كل منها على النموذج المعد لذلك. ولا يعتد فى إثبات الطلاق فى حق اى من الزوجين إلا إذا كان حاضر إجراءات التوثيق بنفسه او بمن ينوب عنه, او من تاريخ إعلانه بموجب ورقة رسمية."
73,قانون الأسرة - قانون الأحوال الشخصية - القانون رقم 1 لسنة 2000 - مادة 22,"مع عدم الإخالل بحق الزوجة فى إثبات مراجعة مطلقها لها بكافة طرق الإثبات, لا يقبل عند الإنكار ادعاء الزوج مراجعته مطلقته ما لم يعلمها بهذه المراجعة بورقة رسمية قبل انقضاء ستين يوما من تاريخ توثيق طالقه لها, وذلك ما لم تكن حامال او بعد انقضاء عدتها حتى إعلانها بالمراجعة."
74,قانون الأسرة - قانون الأحوال الشخصية - القانون رقم 1 لسنة 2000 - مادة 23,"إذا كان دخل المحكوم عليه بنفقة او ما فى حكمها محل منازعة جدية, ولم يكن فى اوراق الدعوى ما يكفى لتحديده, وجب على المحكمة ان تطلب من النيابة العامة إجراء التحقيق الذي يمكنها من بلوغ هذا التحديد. وتباشر النيابة العامة بنفسها إجراء التحقيق فى هذا الشأن . ومع عدم الإخالل بأحكام قرار رئيس الجمهورية رقم 205 لسنة 1990 بشأن سرية الحسابات بالبنوك , تلتزم اى جهة حكومية او غير حكومية بإفادة النيابة العامة بما تحت يدها من معلومات, تكون منتجة فى تحديد دخل المطلوب منه النفقة. ولا يجوز استخدام ما تسفر عنه هذه التحقيقات من معلومات فى غير المادة التي أجريت بشأنها. ويجب على النيابة العامة أن تنهى التحقيق وترسله مشفوعا بمذكرة موجزة بالنتائج التى خلصت إليها فى موعد لا يجاوز ثالثين يوما من تاريخ وصول طلب المحكمة إليها."
75,قانون الأسرة - قانون الأحوال الشخصية - القانون رقم 1 لسنة 2000 - مادة 24,"على طالب إشهاد الوفاة او الوراثة او الوصية الواجبة ان يقدم طلبا بذلك الى المحكمة المختصة مرفقا به ورقة رسمية تثبت الوفاة وإلا كان الطلب غير مقبول . ويجب ان يشتمل الطلب على بيان آخر موطن للمتوفى وأسماء الورثة والموصى لهم وصية واجبة وموطنهم ان وجدوا, وعلى الطالب ان يعلنهم بالحضور أمام المحكمة فى الميعاد المحدد لنظر الطلب, ويحق القاضي الطلب بشهادة من يوثق به وله ان يضيف إليها التحريات الإدارية حسبما يراه , فإذا ما أنكر أحد الورثة او الموصى لهم وصية واجبة ورأى القاضى ان الإنكار جدي, كان عليه ان يحيل الطلب إلى المحكمة الابتدائية المختصة فيه."
76,قانون الأسرة - قانون الأحوال الشخصية - القانون رقم 1 لسنة 2000 - مادة 25,يكون الإشهاد الذي يصدره القاضي وفقا لحكم المادة السابقة حجة في خصوص الوفاة والوراثة والوصية الواجبة ما لم يصدر حكم على خالفه.
77,قانون الأسرة - قانون الأحوال الشخصية - القانون رقم 1 لسنة 2000 - مادة 26,"تتولى النيابة العامة رعاية مصالح عديمي الأهلية وناقصيها والغائبين والتحفظ على أموالهم والإشراف على إدارتها وفقا لحكم هذا القانون. ولها ان تندب- فيما ترى اتخاذه من تدابير- أحد مأموري الضبط القضائي. كما يكون لها ان تستعين بمعاونين يلحقون بها بقرار يصدره وزير العدل, ويعتبر هؤلاء المعاونون من مأموري الضبط القضائي فى خصوص الأعمال التى تناط بهم أثناء تأديتهم لوظيفتهم. وللنيابة العامة ان تقدر نفقة وقتية من أموال مستحقي النفقة إلي حين الحكم بتقديرها."
78,قانون الأسرة - قانون الأحوال الشخصية - القانون رقم 1 لسنة 2000 - مادة 27,"على الأقارب الذين يقيمون مع المتوفى فى معيشة واحدة او اكبر الراشدين من الورثة إبالغ النيابة العامة بواقعة بوفاة شخص غائب او عديم الأهلية او ناقصها او حمل مستكن, او وفاة الولى او الوصى او القيم او الوكيل عن الغائب خالل ثلاثة ايام من تاريخ حصول الوفاة. وعلى الأقارب إبالغ النيابة العامة خالل ذات المدة عن فقد أهلية او غياب أحد أفراد الأسرة إذا كان مقيما معهم فى معيشة واحدة."
79,قانون الأسرة - قانون الأحوال الشخصية - القانون رقم 1 لسنة 2000 - مادة 28,على الأطباء المعالجين ومديري المستشفيات والمصحات على حسب الأحوال إبالغ النيابة العامة عن حاالت فقد الأهلية الناشئة عن حالة عقلية بمجرد ثبوت ذلك لهم. وعلى المختصين بالسلطات الإدارية إبالغ النيابة العامة متى تبين لهم اثناء تأدية عملهم حالة من حاالت فقد الأهلية المشار اليه فى الفقرة السابقة.
80,قانون الأسرة - قانون الأحوال الشخصية - القانون رقم 1 لسنة 2000 - مادة 29,على الوصى على الحمل المستكن إبالغ النيابة العامة بانقضاء مدة الحمل او بانفصاله حيا او ميتا.
81,قانون الأسرة - قانون الأحوال الشخصية - القانون رقم 1 لسنة 2000 - مادة 30,"يعاقب على مخالفة أحكام المواد 27, 28, 29 من هذا القانون بغرامة لا تقل عن خمسين جنيه ولا تزيد عن مائة جنيه , فإذا كان عدم التبليغ بقصد الإضرار بعديم الأهلية او ناقصها او الغائب أو غيرهم من ذوى الشأن تكون العقوبة الحبس مدة لا تزيد على سنة وبغرامة لا تقل عن مائة جنيه تجاوز ألف جنيه او بإحدى هاتين العقوبتين."
82,قانون الأسرة - قانون الأحوال الشخصية - القانون رقم 1 لسنة 2000 - مادة 31,يعاقب بالحبس كل من أخفى بقصد الإضرار ماال مملوكا لعديم الأهلية او ناقصها او الغائب.
83,قانون الأسرة - قانون الأحوال الشخصية - القانون رقم 1 لسنة 2000 - مادة 32,"تقيد النيابة العامة طلبات الحجر والمساعدة القضائية واستمر الوالية او الوصاية وسلب الوالية او الحد منها او وقفها وسلب الاذن للقاصر او المحجور عليه او الحد منه وإثبات الغيبة والحد من سلطة الوكيل عن الغائب ومنع المطلوب الحجر عليه او سلب واليته من التصرف او تقييد حريته فيه وذلك يوم وساعة تقديم الطلب في سجل خاص . ويقوم القيد فى السجل مقام التسجيل, وينتهي اثره من تاريخ إجرائه متى قضى بإجابة الطلب . وعلى النيابة العامة شطب القيد إذا قضى نهائيا برفض الطلب. ويصدر وزير العدل قرارا بإجراءات القيد والشطب ."
84,قانون الأسرة - قانون الأحوال الشخصية - القانون رقم 1 لسنة 2000 - مادة 33,على النيابة العامة بمجرد ورود التبليغ إليها وفق أحكام هذا القانون ان تتخذ الإجراءات الالزمة للمحافظة على حقوق الحمل المستكن او عديم الأهلية او ناقصها او الغائب وان تحصر مؤقتا ما لهم من أموال ثابتة او منقولة او حقوق وما عليهم من التزامات فى محضر يوقع عليه ذوو الشأن. وللنيابة العامة أن تتخذ الإجراءات الوقتية او التحفظية الالزمة للمحافظة على هذه الأموال وان تأمر بوضع الأختام عليها ولها بناء على أمر صادر من قاضى الأمور الوقتية ان تنقل النقود والأوراق المالية والمستندات والمصوغات وغيرها مما يخشى عليه إلى خزانة أحد المصارف او الى مكان أمين. وللنيابة العامة- عند الاقتضاء- ان تأذن لوصى التركة او منفذ الوصية او مديرها ان وجد او ألى شخص امين اخر بالصرف على جنازة المتوفى والانفاق على من تلزمهم نفقته وإدارة الأعمال التى يخشى عليها من فوات الوقت. وللنيابة العامة ان تعدل عن اى قرار اتخذته تطبيقا لأحكام هذه المادة .
85,قانون الأسرة - قانون الأحوال الشخصية - القانون رقم 1 لسنة 2000 - مادة 34,للنيابة العامة ان تأمر بناء على اذن مسبب من القاضى الجزئى بدخول المساكن والاماكن الالزم دخولها لاتخاذ الإجراءات التحفظية المنصوص عليها فى هذا القانون. ولها ان تندب لذلك- بأمر مسبب يحدد فيه المسكن او المكان أحد مأموري الضبط القضائي.
86,قانون الأسرة - قانون الأحوال الشخصية - القانون رقم 1 لسنة 2000 - مادة 35,"لا يلزم اتباع الإجراءات المنصوص عليها فى المادتين السابقتين اذا لم يتجاوز مال المطلوب حمايته ثلاثة آلاف جنيه, تتعدد بتعددهم, وفى هذه الحالة تسلم النيابة العامة المال الى من يقوم على شئونه ما لم ترى النيابة العامة اتباع الإجراءات المشار اليها للضوابط والأوضاع المقررة بهاتين المادتين."
87,قانون الأسرة - قانون الأحوال الشخصية - القانون رقم 1 لسنة 2000 - مادة 36,"يرفع الطلب إلي المحكمة المختصة من النيابة العامة أو ذوى الشأن. وفى الحالة الأخيرة يجب ان يشتمل الطلب المرفوع على البيانات التى يتطلبها قانون المرافعات فى صحيفة الدعوى وان يرفق به المستندات المؤيدة له, وعلى المحكمة ان تحيله الى النيابة العامة إلبداء مالحظتها عليه كتابة خالل ميعاد تحدده لذلك. وتقوم النيابة العامة – فيما لا يختص بإصدار امر فيه بتحديد جلسة أمام المحكمة لنظر الطلب مشفوعا بما أجرته من تحقيقات وما انتهت إليه من رأى, وإعالن من لم ينبه عليه أمامها من ذوى الشأن بالجلسة ول للمحكمة ان تندب النيابة العامة لمباشرة اى اجراء من إجراءات التحقيق الذي تأمر به."
88,قانون الأسرة - قانون الأحوال الشخصية - القانون رقم 1 لسنة 2000 - مادة 37,"للمحكمة وللنيابة العامة ان تدعو من ترى فائدة من سماع أقواله فى كل تحقيق تجريه , فإن تخلف عن الحضور بالجلسة المحددة او امتنع عن الإدالء بأقواله دون مبرر قانوني- جاز الحكم عليه بغرامة لا تجاوز مائة جنيه- فإن لم يحضر جاز للمحكمة وللنيابة العامة ان تأمر بإحضاره. وللمحكمة ان تقيل المحكوم عليه كلها او بعضها اذا ابدى عذرا مقبوال."
89,قانون الأسرة - قانون الأحوال الشخصية - القانون رقم 1 لسنة 2000 - مادة 38,"إذا رأت النيابة العامة ان طلب توقيع الحجر او سلب الوالية او الحد منها او وقفها او إثبات الغيبة يقتضى اتخاذ إجراءات تحقيق تستغرق فترة من الزمن يخشى خاللها من ضياع حق او مال, رفعت الامر للمحكمة لتأذن باتخاذ ما تراه من إجراءات تحفظية او تأمر بمنع المقدم ضده الطلب من التصرف فى الأموال كلها او بعضها او تقييد سلطته فى إدارتها او تعيين مدير مؤقت يتولى إدارة تلك الأموال."
90,قانون الأسرة - قانون الأحوال الشخصية - القانون رقم 1 لسنة 2000 - مادة 39,على النيابة العامة ان تقدم للمحكمة مذكرة مسببة بمن ترشحه للنيابة عن عديم الأهلية او ناقصها او عن الغائب او من ترشحه مساعدا قضائيا وذلك خالل ثمانية ايام على الاكثر من تاريخ إبالغها بالسبب الموجب لتعيينه. وتعين المحكمة النائب او المساعد القضائى بعد اخذ رأى ذوى الشأن.
91,قانون الأسرة - قانون الأحوال الشخصية - القانون رقم 1 لسنة 2000 - مادة 40,"تحظر النيابة العامة الوصى او القيم او الوكيل عن الغائب او المساعد القضائي او المدير المؤقت بالقرار الصادر بتعيينه اذا صدر فى غيبته, وعلى من يرفض التعيين إبالغ النيابة العامة كتابة برفضه خالل ثمانية ايام من تاريخ علمه بالقرار وإلا كان مسئوال عن المهام الموكلة إليه من تاريخ العلم. وفى حالة الفض تعين المحكمة بدال منه على وجه السرعة."
92,قانون الأسرة - قانون الأحوال الشخصية - القانون رقم 1 لسنة 2000 - مادة 41,"تقوم النيابة العامة بعد صدور قرار المحكمة بتعيين النائب, وبجرد أموال عديم الأهلية او ناقصها او عن الغائب بمحضر يحرر من نسختين. ويتبع فى الجرد الأحكام والقرارات التى يصدر بها قرار من وزير العدل ويدعى لحضور الجرد جميع ذوى الشأن والقاصر الذى أتم خمسة عشرة سنة ميالدية اذا رأت النيابة العامة ضرورة لحضوره. وللنيابة العامة ان تستعين بأهل الخبرة فى جرد الأموال وتقييمها وتقدير الديون وتسلم الأموال بعد انتهاء الجرد الى النائب المعين من المحكمة."
93,قانون الأسرة - قانون الأحوال الشخصية - القانون رقم 1 لسنة 2000 - مادة 42,ترفع النيابة العامة محضر الجرد الى المحكمة للتصديق عليه بعد التحقق من صحة البيانات الواردة فيه.
94,قانون الأسرة - قانون الأحوال الشخصية - القانون رقم 1 لسنة 2000 - مادة 43,يجب على النيابة العامة عند عرض محضر الجرد على المحكمة للتصديق عليه ان ترفق مذكرة برأيها فى المسائل الآتية بحسب الاحوال: الاستمرار فى الملكية الشائعة او الخروج منها وفى استغالل المحال التجارية والصناعية او المكاتب المهنية او تصفيتها ووسائل الوفاء بالديون والقرارات المنفذة لذلك. تقدير النفقة الدائمة الالزمة للقاصر او المحجور عليه. اتخاذ الطرق المؤدية لحسن ادارة الاموال وصيانتها. وتلتزم المحكمة بالتصديق على محضر الجرد وبالفصل فى المسائل المشار اليها على وجه السرعة.
95,قانون الأسرة - قانون الأحوال الشخصية - القانون رقم 1 لسنة 2000 - مادة 44,للمحكمة من لقاء نفسها ان تعدل عن اى قرار أصدرته في المسائل المبينة فى المادة السابقة او عن اى إجراء من الإجراءات التحفظية إذا تبينت ما يدعو لذلك . ولا يمس عدول المحكمة عن قرار سبق ان أصدرته بحقوق الغير حسن النية الناشئة عن اتفاق .
96,source,text
97,"قانون الأسرة - قانون الأحوال الشخصية - القانون رقم 1 لسنة 2000 - مادة 45""","إذا عينت المحكمة مصفيا للتركة قبل التصديق على محضر الجرد يتولى المصفى جرد التركة كلها ويحرر محضرا تفصيليا بما لها وما عليها يوقعه هو وعضو النيابة العامة والنائب المعين ومن يكون حاضرا من الورثة الراشدين. وإذا عين المصفى بعد التصديق على محضر الجرد يقوم النائب عن عديم الأهلية او ناقصها او عن الغائب بتسليم نصيب الأخير فى التركة إلي المصفى بمحضر يوقعه هو والمصفى وعضو النيابة العامة ومن يكون حاضرا من الورثة الراشدين , وذلك ما لم ير المصفى إبقاء المال كله او بعضه تحت يد النائب ذلك على نسختي محضر الجرد ويوقع عليه الأشخاص السابق ذكرهم . وبعد انتهاء التصفية يسلم ما يؤول من التركة الى النائب عن عديم الأهلية او ناقصها او عن الغائب مع مراعاة الإجراءات المنصوص عليها فى هذا القانون."
98,"قانون الأسرة - قانون الأحوال الشخصية - القانون رقم 1 لسنة 2000 - مادة 46""","يجب على النائب عن عديم الأهلية او ناقصها او عن الغائب او المدير المؤقت ان يودع قلم كتاب المحكمة حسابا عن إدارته مشفوعا بالمستندات التي تؤيده فى الميعاد الذي تحدده. فإذا انقضى الميعاد ولم يقدم الحساب جاز للمحكمة ان تحكم عليه بغرامة لا تزيد على خمسمائة جنيه فإن تكرر منه ذلك دون إخلال بالجزاءات الأخرى المنصوص عليها قانونا. وإذا قدم النائب الحساب وابدى عذرا عن التأخير جاز للمحكمة أن تقيله من الغرامة او بعضها . وعلى المحكمة ان تأمر مؤقتا بإيداع المبالغ التي لا ينازع مقدم الحساب فى ثبوتها فى ذمته, دون ان يعتبر ذلك مصادقة على الحساب. وتفصل المحكمة فى صحة الحساب المقدم إليها ويجب ان يشمل القرار النهائي الذى تصدره المحكمة بشأن الحساب الأمر بإلزام مقدمه بإيداع المبلغ المتبقى فى ذمته خزانة المحكمة فى ميعاد تحدده."
99,"قانون الأسرة - قانون الأحوال الشخصية - القانون رقم 1 لسنة 2000 - مادة 47""","للنيابة العامة ان تصرح للنائب عن عديم الأهلية او ناقصها او عن الغائب بالصرف من الأموال السائلة لأي من هؤلاء دون الرجوع إلي المحكمة بما لا يجاوز مبلغ ألف جنيه يجوز زيادته إلي ثلاثة آلاف جنيه بقرار من المحامى العام المختص, وذلك لمرة واحدة كل ستة اشهر."
100,"""قانون الأسرة - قانون الأحوال الشخصية - القانون رقم 1 لسنة 2000 - مادة 48""",لا يقبل طلب استرداد الولاية على رفع الحجر او المساعدة القضائية او رفع الوصاية او الولاية او إعادة الإذن للقاصر او المحجور عليه الا بعد انقضاء سنة من تاريخ القرار النهائي الصادر برفض طلب سابق .
101,"قانون الأسرة - قانون الأحوال الشخصية - القانون رقم 1 لسنة 2000 - مادة 49""","يجوز لذوى الشأن الاطلاع على الملفات والدفاتر والسجلات والأوراق المنصوص عليها فى المواد السابقة, كما يجوز لكل شخص الاطلاع على السجلات, وفى الحالتين تسلم ألى منهم صور او شهادات بمضمون ما اثبت فيها بإذن من المحكمة او النيابة العامة."
102,"""قانون الأسرة - قانون الأحوال الشخصية - القانون رقم 1 لسنة 2000 - مادة 50""",يكون لنفقات حصر الأموال ووضع الأختام والجرد والإدارة حق امتياز فى مرتبة المصروفات القضائية.
103,"""قانون الأسرة - قانون الأحوال الشخصية - القانون رقم 1 لسنة 2000 - مادة 51""",للمحكمة ان تأمر بإضافة كل الرسوم او بعضها على عاتق الخزانة العامة.
104,"""قانون الأسرة - قانون الأحوال الشخصية - القانون رقم 1 لسنة 2000 - مادة 52""",تسرى على القرارات التي تصدر فى مسائل الولاية على المال القواعد الخاصة بالأحكام.
105,"قانون الأسرة - قانون الأحوال الشخصية - القانون رقم 1 لسنة 2000 - مادة 53""","يجب على المحكمة ان تودع قلم الكتاب أسباب القرارات القطعية الصادرة فى مواد الحجر والمساعدة القضائية والوالية والغيبة والحساب والإذن بالتصرف وعزل الوصي, والقرارات الصادرة وفقا لحكم المادة 38 من هذا القانون, وذلك فى ميعاد ثمانية أيام من تاريخ النطق بها إذا صدرت من محكمة جزئية وخمسة عشر يوما إذا صدرت من غيرها. وفيما عدا ذلك من قرارات تصدر فى مسائل الولاية على المال, يجوز للمحكمة تسبيب هذه القرارات او الاكتفاء بالتوقيع على محضر الجلسة المشتمل على المنطوق ."
106,"قانون الأسرة - قانون الأحوال الشخصية - القانون رقم 1 لسنة 2000 - مادة 54""",تكون القرارات الصادرة من محكمة اول درجة بصفة ابتدائية واجبة النفاذ ولو مع حصول استئنافها عدا تلك الصادرة فى المسائل الآتية: الحساب. رفع الحجر وإنهاء المساعدة القضائية. رد الولاية. إعادة الإذن للقاصر او المحجور عليه بالتصرف او الإدارة. ثبوت الرشد بعد القرار باستمرار الوصاية او الولاية. الإذن بالتصرف للنائب عن عديم الأهلية او ناقصها او الغائب. وللمحكمة المنظور أمامها الاستئناف ان تأمر بوقف التنفيذ حتى يفصل فى الطعن.
107,"""قانون الأسرة - قانون الأحوال الشخصية - القانون رقم 1 لسنة 2000 - مادة 56""",طرق الطعن فى الأحكام والقرارات المبينة فى هذا القانون هى الاستئناف والنقض والتماس إعادة النظر وتتبع- فيما لم يرد به حكم خاص فى المواد الآتية – القواعد والإجراءات المنصوص عليها فى قانون المرافعات المدنية والتجارية.
108,"""قانون الأسرة - قانون الأحوال الشخصية - القانون رقم 1 لسنة 2000 - مادة 57""",يكون للنيابة العامة فى جميع الأحوال الطعن بطريق الاستئناف فى الأحكام والقرارات الصادرة فى الدعاوى التى يوجب القانون او يجيز تدخلها فيها ويتبع فى الطعن الأحكام المنصوص فى قانون المرافعات المدنية والتجارية.
109,"قانون الأسرة - قانون الأحوال الشخصية - القانون رقم 1 لسنة 2000 - مادة 58""","تنظر المحكمة الاستئنافية الدعوى بحالتها التى كانت عليها قبل صدور الحكم المستأنف بالنسبة لما رفع عنه الاستئناف فقط. ومع ذلك يجوز مع بقاء الطلبات الأصلية على حالها تغيير أسبابها او الإضافة إليها, كما يجوز إبداء طلبات جديدة بشرط ان تكون مكملة للطلبات الأصلية او مترتبة عليها او متصلة بها اتصالا لا يقبل التجزئة. وفى الحالتين تلتزم المحكمة الاستئنافية بمنح أجل مناسبا للرد على الأسباب او الطلبات الجديدة."
110,"قانون الأسرة - قانون الأحوال الشخصية - القانون رقم 1 لسنة 2000 - مادة 59""","يترتب على الطعن بالاستئناف فى الحكم القطعي الصادر وفقا لحكم المادة 10 من هذا القانون طرح ما فصل فيه هذا الحكم على محكمة الاستئناف, وحتى تصدر هذه المحكمة حكمها النهائي, يجوز لها إصدار حكم مؤقت او بتعديل واجب النفاذ بشأن الرؤية او بتقرير نفقة او بتعديل النفقة التى قضى بها الحكم المطعون فيه بالزيادة او بالنقصان."
111,"قانون الأسرة - قانون الأحوال الشخصية - القانون رقم 1 لسنة 2000 - مادة 60""","مع عدم الإخلال بحقوق الغير حسن النية يعد استئناف الحكم او القرار الصادر فى مادة من مواد الولاية على المال, استئنافا للمواد الأخرى التى لم يسبق استئنافها وترتبط بالحكم او القرار المستأنف ارتباطا يتعذر معه الفصل فى الاستئناف دون إعادة الفصل فيه."
112,"""قانون الأسرة - قانون الأحوال الشخصية - القانون رقم 1 لسنة 2000 - مادة 61""",ميعاد الاستئناف ستون يوما لمن لا موطن له فى مصر دون إضافة ميعاد مسافة.
113,"قانون الأسرة - قانون الأحوال الشخصية - القانون رقم 1 لسنة 2000 - مادة 62""","للخصوم وللنيابة العامة الطعن بالنقض في الأحكام الصادرة من محاكم الاستئناف, كما يكون لهم الطعن بالنقض فى القرارات الصادرة من هذه المحاكم فى مواد الحجر والغيبة والمساعدة القضائية وعزل الوصي وسلب الوالية او وقفها او الحد منها او ردها واستمرار الوالية او الوصاية والحساب."
114,"قانون الأسرة - قانون الأحوال الشخصية - القانون رقم 1 لسنة 2000 - مادة 63""","لا تنفذ الأحكام الصادرة بفسخ عقود الزواج او بطلانها او بالطلاق او بالتطليق إال بانقضاء مواعيد الطعن عليها بطريق النقض, فإذا طعن عليها فى الميعاد القانوني, استمر عدم تنفيذها لحين الفصل فى الطعن. وعلى رئيس المحكمة او من ينيبه تحديد جلسة لنظر الطعن مباشرة أمام المحكمة فى موعد لا يجاوز ستين يوما من تاريخ إيداع صحيفة الطعن لقلم كتاب المحكمة او وصولها إليه , وعلى النيابة العامة تقديم مذكرة برأيها خالل ثالثين يوما على الأكثر قبل الجلسة المحددة لنظر الطعن. وإذا نقضت المحكمة الحكم كان عليها ان تفصل فى الموضوع."
115,"قانون الأسرة - قانون الأحوال الشخصية - القانون رقم 1 لسنة 2000 - مادة 64""",لا يجوز التماس إعادة النظر في مسائل الولاية على المال إال في القرارات الانتهائية الصادرة فى المواد الآتية: توقيع الحجر او تقرير المساعدة القضائية او إثبات الغيبة. تثبيت الوصي المختار او الوكيل عن الغائب. عزل الوصي والقيم والوكيل او الحد من سلطته. سلب الولاية او وقفها او الحد منها. استمرار الولاية أو الوصاية على القاصر. الفصل في الحساب.
116,"""قانون الأسرة - قانون الأحوال الشخصية - القانون رقم 1 لسنة 2000 - مادة 65""",الأحكام والقرارات الصادرة بتسليم الصغير او رؤيته او بالنفقات او الأجور او المصروفات وما فى حكمها تكون واجبة النفاذ بقوة القانون وبال كفالة.
117,"قانون الأسرة - قانون الأحوال الشخصية - القانون رقم 1 لسنة 2000 - مادة 66""",يجوز تنفيذ الأحكام والقرارات الصادرة بضد الصغير وحفظه وتسليمه جبرا. ويتبع فى تنفيذ الأحكام الصادرة فى هذا الشأن ما ينص عليه القانون من إجراءات. ويراعى فى جميع الأحوال ان تتم إجراءات التنفيذ ودخول المنازل وفق ما يأمر به قاضى التنفيذ. ويجوز إعادته بذات السند التنفيذي كلما اقتضى ذلك.
118,"قانون الأسرة - قانون الأحوال الشخصية - القانون رقم 1 لسنة 2000 - مادة 67""","ينفذ الحكم برؤيا الصغير فى احد الأماكن التى يصدر بتحديدها قرار من وزير العدل بعد موافقة وزير الشئون الاجتماعية , وذلك ما لم يتفق الحاضن والصادر لصالحه الحكم على مكان أخر. ويشترط فى جميع الأحوال ان يتوافر في المكان ما يشيع الطمأنينة في نفس الصغير."
119,"""قانون الأسرة - قانون الأحوال الشخصية - القانون رقم 1 لسنة 2000 - مادة 68""",على قلم كتاب المحكمة التي أصدرت الحكم أو القرار وضع الصيغة التنفيذية عليه إذا كان واجب النفاذ.
120,"""قانون الأسرة - قانون الأحوال الشخصية - القانون رقم 1 لسنة 2000 - مادة 69""",يجرى التنفيذ بمعرفة المحضرين أو جهة الإدارة ويصدر وزير العدل قرارا بإجراءات بتنفيذ الأحكام والقرارات الصادرة بتسليم الصغير او ضمه او رؤيته او سكناه ومن يناط به ذلك.
121,"""قانون الأسرة - قانون الأحوال الشخصية - القانون رقم 1 لسنة 2000 - مادة 70""","يجوز للنيابة العامة, متى عرضت عليها منازعة بشان حضانة صغير فى سن حضانة النساء, او طلبت حضانة مؤقتا من يرجع الحكم لها بذلك اد تصدر بعد إجراء التحقيق المناسب قرارا مسببا بتسليم الصغير الى من تتحقق مصلحته معها."
122,"""قانون الأسرة - قانون الأحوال الشخصية - القانون رقم 1 لسنة 2000 - مادة 71""","ينشا نظام لتأمين الأسرة, من بين أهدافه ضمان تنفيذ الأحكام الصادرة بتقرير نفقة للزوجة او المطلقة او الأولاد او الأقارب , يتولى الإشراف على تنفيذه بنك ناصر الاجتماعي. ويصدر بقواعد هذا النظام وإجراءاته وطرق تمويله قرار من وزير العدل بعد موافقة وزير التأمينات ."
123,"""قانون الأسرة - قانون الأحوال الشخصية - القانون رقم 1 لسنة 2000 - مادة 72""","على بنك ناصر الاجتماعي أداء النفقات والأجور وما فى حكمها مما يحكم به للزوجة او المطلقة او الأولاد او الوالدين , وذلك وفقا لما يصدر به قرار من وزير العدل بعد موافقة وزير التأمينات ."
124,"قانون الأسرة - قانون الأحوال الشخصية - القانون رقم 1 لسنة 2000 - مادة 73""","على الوزارات والمصالح الحكومية ووحدات الإدارة المحلية والهيئات العامة ووحدات القطاع العام وقطاع الأعمال العام وجهات القطاع الخاص والهيئة القومية للتأمين والمعاشات للقوات المسلحة والنقابات المهنية غيرها من جهات اخرى, بناء على طلب من بنك ناصر الاجتماعي مرفق به صورة طبق الأصل من الصورة التنفيذية للحكم وما يفيد تمام الإعلان ان تقوم بخصم المبالغ فى حدود المبالغ التى يجوز الحجز عليها وفقا للمادة 76 من هذا القانون من المرتبات وما فى حكمها من المعاشات وإيداعها خزانة البنك فور وصول الطلب إليها ودون حاجة إلي إجراء أخر."
125,"قانون الأسرة - قانون الأحوال الشخصية - القانون رقم 1 لسنة 2000 - مادة 74""","إذا كان المحكوم عليه من غير ذوى المرتبات او الأجور او المعاشات وما فى حكمها , وجب عليه ان يودع المبلغ المحكوم به خزانة بنك ناصر الاجتماعي او أحد فروعه أو وحدة الشئون الاجتماعية الذى يقع محل أقامته فى دائرة أي منها في الأسبوع الأول من كل شهر متى قام البنك بالتنبيه عليه بالوفاء."
126,"""قانون الأسرة - قانون الأحوال الشخصية - القانون رقم 1 لسنة 2000 - مادة 75""",لبنك ناصر الاجتماعي استيفاء ما قام بأدائه من نفقات وأجور وما فى حكمها وجميع ما تكبده من مصاريف فعلية أنفقها بسبب امتناع المحكوم عليه عن أدائها.
127,"قانون الأسرة - قانون الأحوال الشخصية - القانون رقم 1 لسنة 2000 - مادة 76""","استثناء مما تقرره القوانين فى شان قواعد الحجز على المرتبات او الأجور او المعاشات وما فى حكمها, يكون الحد الأقصى لما يجوز الحجز عليه منها وفاء لدين نفقة أو اجر او ما فى حكمها للزوجة او المطلقة او الأولاد او الوالدين, في حدود النسب الآتية: 25% للزوجة او المطلقة, وتكون 40% فى حالة وجود اكثر من واحدة. 25% للوالدين او أيهما. 35% للوالدين او اقل. 40% للزوجة او المطلقة ولولد أو اثنين والوالدين او أيهما. 50% للزوجة او المطلقة واكثر من ولدين والوالدين او أيهما. وفى جميع الأحوال لا يجوز ان تزيد النسبة التى يجوز الحجز عليها على 50% تقسم بين المستحقين بنسبة ما حكم به لكل منهم."
128,"قانون الأسرة - قانون الأحوال الشخصية - القانون رقم 1 لسنة 2000 - مادة 76 مكرر""","إذا امتنع المحكوم عليه عن تنفيذ الحكم النهائي الصادر فى دعاوى النفقات والأجور وما فى حكمها جاز للمحكوم له ان يرفع الأمر إلي المحكمة التي أصدرت الحكم او التي يجرى التنفيذ بدائرتها, ومتى ثبت لديها ان المحكوم عليه قادر على أداء ما حكم به أمرته بالأداء ولو لم يمتثل حكمت بحبسه مدة لا تزيد على ثالثين يوما. فإذا أدى المحكوم عليه ما حكم به أو احضر كفيال يقبله الصادر لصالحه الحكم, فإنه يخلى سبيله, وذلك كله دون إخالل بحق المحكوم له في التنفيذ بالطرق العادية. ويجوز في الأحوال التي تطبق فيها هذه المادة السير فى الإجراءات المنصوص عليها فى المادة 293 من قانون العقوبات ما لم يكن المحكوم له قد استنفذ الإجراءات المشار إليها فى الفقرة الأولى. وإذا نفذ بالإكراه البدني على شخص وفقا لحكم هذه المادة, ثم حكم عليه بسبب الواقعة ذاتها بعقوبة الحبس طبقا للمادة 293 من قانون العقوبات, استنزلت مدة الإكراه البدني الأولى من مدة الحبس المحكوم بها, فإذا حكم عليه بغرامة خفضت عند التنفيذ بمقدار خمسة جنيهات عن كل يوم من أيام الإكراه البدني الذي سبق إنفاذه عليه"
129,"""قانون الأسرة - قانون الأحوال الشخصية - القانون رقم 1 لسنة 2000 - مادة 77""","في حالة التزاحم بين الديون تكون الأولوية لدين نفقة الزوجة او المطلقة, فنفقة الأولاد فنفقة الوالدين فنفقة الأقارب ثم الديون الأخرى."
130,"""قانون الأسرة - قانون الأحوال الشخصية - القانون رقم 1 لسنة 2000 - مادة 78""",لا يترتب على الإشكال في تنفيذ أحكام النفقة المشار إليها في المادة السابقة وقف إجراءات التنفيذ
131,"قانون الأسرة - قانون الأحوال الشخصية - القانون رقم 1 لسنة 2000 - مادة 79""","مع عدم الإخلال بأي عقوبة اشد ينص عليها قانون العقوبات او اى قانون اخر يعاقب بالحبس الذى لا تقل مدته عن ستة اشهر كل من توصل الى الحصول على أية مبالغ من بنك ناصر استنادا الى أحكام هذا القانون بناء على إجراءات او أدلة صورية او مصطنعة مع علمه بذلك. وتكون العقوبة الحبس الذى لا تزيد مدته على سنتين, لكل من تحصل من بنك ناصر الاجتماعي على مبالغ غير مستحقة له مع علمه بذلك مع إلزامه بردها."
132,"قانون الأسرة - قانون الأحوال الشخصية - قرار وزير العدل رقم 1086 لسنة 2000 - مادة 1""","يكون للمعاونين العاملين حاليا بنيابات الأحوال الشخصية صفة الضبطية القضائية فى الأعمال التى تناط بهم أثناء تأديتهم ألعمال وظائفهم, وذلك فيما يتعلق بتطبيق حكم المادة 26 من القانون رقم 1 لسنة 2000 , كما تثبت تلك الصفة لكل من يعين بهذه الوظيفة."
133,"""قانون الأسرة - قانون الأحوال الشخصية - قرار وزير العدل رقم 1086 لسنة 2000 - مادة 2""","ينشر هذا القرار في الوقائع المصرية, ويعمل به من اليوم التالي لتاريخ نشره."
134,"""قانون الأسرة - قانون الأحوال الشخصية - قرار وزير العدل رقم 1087 لسنة 2000 - مادة 1""",تنفذ الأحكام والقرارات الصادرة بتسليم الصغير او ضمه او رؤيته او سكناه تطبيقا لأحكام المادتين 67 و69 من القانون رقم 1 لسنة 2000 بمراعاة الإجراءات المبينة فى المواد التالية.
135,"قانون الأسرة - قانون الأحوال الشخصية - قرار وزير العدل رقم 1087 لسنة 2000 - مادة 2""","يجرى تنفيذ والقرارات الصادرة بتسليم الصغير او ضمه او رؤيته او سكناه بمعرفة المحضر المختص بالمحكمة, فإن حدثت مقاومة او امتناع وعدم استجابة للنصح والإرشاد, يرفع الأمر لقاضى التنفيذ ليأمر بالتنفيذ بالاستعانة بجهة الإدارة بالقوة الجبرية ان لزم الأمر, ويحرر الأخصائي الاجتماعي مذكرة تتضمن مالحظاته ترفق بأوراق التنفيذ."
136,"""قانون الأسرة - قانون الأحوال الشخصية - قرار وزير العدل رقم 1087 لسنة 2000 - مادة 3""","يراعى فى جميع الأحوال ان تتم إجراءات التنفيذ ودخول المنازل وفقا لما يأمر به قاضى التنفيذ, ويجوز إعادة التنفيذ بذات السند التنفيذي كلما اقتضى الحال ذلك على النحو المبين فى المادة 66 من القانون 1 لسنة 2000."
137,"قانون الأسرة - قانون الأحوال الشخصية - قرار وزير العدل رقم 1087 لسنة 2000 - مادة 4""","في حالة عدم اتفاق الحاضن أو من بيده الصغير والصادر لصالحه الحكم على المكان الذى يتم فيه رؤية الصغير, يكون للمحكمة ان تنتقى من الأماكن التالية للرؤية وفقا للحالة المعروضة عليها وبما يتناسب- قدر الإمكان- وظروف أطراف الخصومة, مع مراعاة ان يتوافر فى المكان ما يشيع الطمأنينة فى نفس الصغير ولا يكبد أطراف الخصومة مشقة لا تحتمل. أحد النوادي الرياضية او الاجتماعية. أحد مراكز رعاية الشباب. إحدى دور رعاية الأمومة والطفولة التي يتوافر فيها حدائق. إحدى الحدائق العامة"
138,"""قانون الأسرة - قانون الأحوال الشخصية - قرار وزير العدل رقم 1087 لسنة 2000 - مادة 5""","يجب ألا تقل مدة الرؤية عن ثلاث ساعات أسبوعيا فيما بين الساعة التاسعة صباحا والسابعة مساء, ويراعى قدر الإمكان ان يكون ذلك خالل العطلات الرسمية وبما لا يتعارض ومواعيد انتظام الصغير في دور التعليم."
139,"""قانون الأسرة - قانون الأحوال الشخصية - قرار وزير العدل رقم 1087 لسنة 2000 - مادة 6""",ينفذ الحكم الصادر برؤية الصغير في المكان والزمان المبين بالحكم.
140,"قانون الأسرة - قانون الأحوال الشخصية - قرار وزير العدل رقم 1087 لسنة 2000 - مادة 7""","لأي من أطراف السند التنفيذي ان يستعين بالأخصائي الاجتماعي المنتدب للعمل بدائرة المحكمة التى أصدرت حكم الرؤية لإثبات نكول الطرف الاخر عن التنفيذ فى المواعيد والأماكن المحددة بالحكم, ويرفع الأخصائي الاجتماعي تقريرا للمحكمة بذلك إذا ما اقاد دعوى فى هذا الخصوص ."
141,"قانون الأسرة - قانون الأحوال الشخصية - قرار وزير العدل رقم 1087 لسنة 2000 - مادة 8""","يلتزم المسئول الإداري بالنوادي الرياضية او الاجتماعية او بمراكز رعاية الشباب او بدور رعاية الطفولة والأمومة التي يجرى تنفيذ حكم الرؤية فيها, وبناء على طلب اى من أطراف السند التنفيذي, ان يثبت فى مذكرة يحررها حضور او عدم حضور المسئول عن تنفيذ حكم الرؤية وبيده الصغير. ولمن حررت المذكرة بناء على طلبه ان يثبت مضمونها فى محضر يحرر فى قسم او مركز الشرطة التابع له مكان التنفيذ"
142,"""قانون الأسرة - قانون الأحوال الشخصية - قرار وزير العدل رقم 1087 لسنة 2000 - مادة 9""","ينشر هذا القرار فى الوقائع المصرية, ويعمل به من اليوم التالي لتاريخ نشره."
143,"""قانون الأسرة - قانون الأحوال الشخصية - قرار وزير العدل رقم 1088 لسنة 2000 - مادة 1""",تتبع الإجراءات المبينة فى المواد التالية فى شأن جرد المعينين بالحماية وفقا لحكم المادة 41 من القانون 1 لسنة 2000.
144,"قانون الأسرة - قانون الأحوال الشخصية - قرار وزير العدل رقم 1088 لسنة 2000 - مادة 2""","تخطر النيابة العامة من صدر فى غيبته قرارا من المحكمة بتعيينه وصى او قيم او وكيل عن غائب او مساعد قضائي او مدير مؤقت بالقرار السابق , وذلك لشخصه على يد محضر فإن اعترض خالل الميعاد المنصوص عليه فى المادة 40 من القانون 1 لسنة 2000 المشار اليه, وجب عليه اتباع حكم المادة 39 من ذلك القانون."
145,"قانون الأسرة - قانون الأحوال الشخصية - قرار وزير العدل رقم 1088 لسنة 2000 - مادة 3""",تخطر النيابة العامة النائب المعين وذوى الشأن بالموعد الذي حددته لجرد أموال المعنى بالحماية. وذلك بموجب إعلان على يد محضر وللنيابة العامة دعوة القاصر إذا أتم خمسة عشر سنة ميالدية لحضور إجراءات الجرد متى رأت ضرورة لحضوره.
146,"""قانون الأسرة - قانون الأحوال الشخصية - قرار وزير العدل رقم 1088 لسنة 2000 - مادة 4""",تتولى النيابة العامة بنفسها او بمن تندبه لذلك من المعاونين الملحقين بها مباشرة إجراءات الجرد.
147,"قانون الأسرة - قانون الأحوال الشخصية - قرار وزير العدل رقم 1088 لسنة 2000 - مادة 5""",تثبت الإجراءات التى تتخذ فى شان جرد أموال المعنى بالحماية فى محضر من نسختين يشار فيه لتاريخ افتتاح المحضر ومكانه وشخص القائم به وإثبات دعوة الشأن والنائب المعين لحضور إجراءات الجرد وإثبات حضور من حضر منهم وأقواله ان رغب فى الإدلاء بأقوال تتعلق بما يتم جرد من أموال وحقوق وديون.
148,"""قانون الأسرة - قانون الأحوال الشخصية - قرار وزير العدل رقم 1088 لسنة 2000 - مادة 6""","تثبت حالة الأختام التي أمرت النيابة العامة بوضعها عند حصر الأموال إعماال للمادة 33 من القانون 1 لسنة 2000 المشار, وبعد التأكد من سلامتها يتم رفعها ويطابق ما سبق حصره من أموال على الواقع."
149,"قانون الأسرة - قانون الأحوال الشخصية - قرار وزير العدل رقم 1088 لسنة 2000 - مادة 7""","يتم جرد جميع الأموال والمنقولات مع بيان أوصافها وتقدير قيمتها وللنيابة العامة ان تستعين فى ذلك بأهل الخبرة من المختصين وفى هذه الحالة يثبت في المحضر اسم وعمل من قام بهذا التقدير فإن تعذر الاستعانة بأهل الخبرة وقت الجرد, كان للنيابة العامة ان تتحفظ مؤقتا على ما لم تقدر قيمته من الأموال أو تعين عليها حارسا ان لزم الأمر لحين عرضها على خبير لتقدير قيمتها. على ان يثبت فى المحضر أوصاف ما تم التحفظ عليه."
150,"""قانون الأسرة - قانون الأحوال الشخصية - قرار وزير العدل رقم 1088 لسنة 2000 - مادة 8""","ان كان من بين اموال المعنى بالحماية معادن او أحجار ثمينة او حلى يجب بيان نوعها ووزنها وعيارها وذلك بمعرفة اهل الخبرة, فإن تعذر ذلك وقت الجرد اتبع حكم المادة السابقة."
151,"""قانون الأسرة - قانون الأحوال الشخصية - قرار وزير العدل رقم 1088 لسنة 2000 - مادة 9""",يرفق بمحضر الجرد مذكرة من الخبير تتضمن – بحسب الأحوال- نوع واوصاف واوزان وعيار الأشياء والأموال التى عهد بها اليه وقيمة كل منها ويثبت مضمون ما اشتملت المذكرة فى المحضر.
152,"""قانون الأسرة - قانون الأحوال الشخصية - قرار وزير العدل رقم 1088 لسنة 2000 - مادة 10""",يتم إثبات ما يوجد من النقود السائلة مع بيان نوعها ومقدارها.
153,"""قانون الأسرة - قانون الأحوال الشخصية - قرار وزير العدل رقم 1088 لسنة 2000 - مادة 11""",يتم إثبات ما يوجد من الأسهم والسندات وترقم أوراقها ويؤشر على كل منها من القائم بالجرد.
154,"""قانون الأسرة - قانون الأحوال الشخصية - قرار وزير العدل رقم 1088 لسنة 2000 - مادة 12""",تثبت حالة الدفاتر والسجلات التجارية وترقم صحائفها ويؤشر على ما لم يسبق التأشير عليه من قبل اثناء حصر الأموال وتملأ الفراغات بوضع علامة
